<?xml version="1.0"?>
<metadata xml:lang="en"><mdContact xmlns=""><rpIndName>Rob Skakun</rpIndName><rpOrgName>Government of Canada; Natural Resources Canada; Canadian Forest Service; Northern Forestry Centre; Canadian Wildland Fire Information System (CWFIS) Group</rpOrgName><role><RoleCd value="007"/></role><rpCntInfo><cntAddress><delPoint>5320 122 Street</delPoint><city>Edmonton</city><adminArea>Alberta</adminArea><postCode>T6H 3S5</postCode><eMailAdd>Rob.Skakun@canada.ca</eMailAdd><country>CA</country></cntAddress></rpCntInfo></mdContact><distInfo xmlns=""><distFormat xmlns=""><formatVer>1000</formatVer><formatName>Distribution</formatName></distFormat></distInfo><dataIdInfo><idCitation><presForm><fgdcGeoform>map</fgdcGeoform></presForm><date><createDate>2024-05-16T00:00:00</createDate></date><resTitle>NBAC 1972 to 2024 (metadata v20250506)</resTitle></idCitation><idPurp>The NBAC is a national, geospatial burned area product compiled annually since 1972 for annual estimates of carbon emissions. A rule-based decision process is used to select the best burned area perimeters from a number of available data providers.  //  La CNSB est un outil de cartographie nationale et géospatiale des superficies brûlées compilé chaque année depuis 1972 afin d'en calculer annuellement les émissions de carbone. Un processus décisionnel axé sur les règles permet de sélectionner les meilleures fourniseurs de données disponibles pour représenter une situation de feu donnée. </idPurp><searchKeys><keyword>wildland fires</keyword><keyword>wildfires</keyword><keyword>forest fires</keyword><keyword>burned area</keyword><keyword>fire history</keyword><keyword>satellite remote sensing</keyword><keyword>natural disturbance</keyword><keyword>feux de forêt</keyword><keyword>incendies de forêt</keyword><keyword>superficie brûlée</keyword><keyword>historique des feux</keyword><keyword>télédétection satellitaire</keyword><keyword>perturbation naturelle</keyword><keyword>Canada</keyword></searchKeys><idAbs>&lt;DIV STYLE="text-align:Left;"&gt;&lt;DIV&gt;&lt;DIV&gt;&lt;P&gt;&lt;SPAN&gt;&lt;SPAN&gt;The National Burned Area Composite (NBAC) is a product created as a component of the Fire Monitoring, Accounting and Reporting System (FireMARS), jointly developed by the Canada Centre for Mapping and Earth Observation (formerly the Canada Centre for Remote Sensing) of Natural Resources Canadaand the Canadian Forest Service. FireMARS was initially developed with funding support from the Canadian Space Agency Government Related Initiatives Program (http://www4.asc-csa.gc.ca/auot-eoau/eng/grip/about.aspx) through a collaboration of those in fire research (http://www.nrcan.gc.ca/forests/fire/13143), forest carbon accounting (http://www.nrcan.gc.ca/forests/climate-change/13087) and remote sensing.&lt;/SPAN&gt;&lt;/SPAN&gt;&lt;/P&gt;&lt;P&gt;&lt;SPAN&gt;NBAC is a national product compiled annually since 1972 by the FireMARS system which tracks forest fires for annual estimates of carbon emissions and to help identify National Forest Inventory plots that may have been disturbed by fire.&lt;/SPAN&gt;&lt;SPAN /&gt;&lt;SPAN&gt;See the FireMARS website at http://www.nrcan.gc.ca/forests/fire/13159 and carbon accounting - disturbance monitoring website (http://www.nrcan.gc.ca/forests/climate-change/13109) for additional information.&lt;/SPAN&gt;&lt;/P&gt;&lt;P&gt;&lt;SPAN&gt;&lt;SPAN&gt;Data from two types of providers is used to generate NBAC: &lt;/SPAN&gt;&lt;/SPAN&gt;&lt;/P&gt;&lt;P&gt;&lt;SPAN&gt;&lt;SPAN&gt;1) Natural Resources Canada, and &lt;/SPAN&gt;&lt;/SPAN&gt;&lt;/P&gt;&lt;P&gt;&lt;SPAN&gt;&lt;SPAN&gt;2) Provincial, Territorial, and Parks Canada agencies.&lt;/SPAN&gt;&lt;/SPAN&gt;&lt;/P&gt;&lt;P&gt;&lt;SPAN&gt;&lt;SPAN&gt;A rule-based decision process is used to select the best data source for each fire event based on factors such as how well the burn polygon follows the shape of the fire as observed on post-burn satellite imagery, the data source itself, and what methods were used to delineate the burn. &lt;/SPAN&gt;&lt;/SPAN&gt;&lt;/P&gt;&lt;P&gt;&lt;SPAN&gt;&lt;SPAN&gt;==================================&lt;/SPAN&gt;&lt;/SPAN&gt;&lt;/P&gt;&lt;P&gt;&lt;SPAN&gt;&lt;SPAN&gt;La Composite nationale des superficies brûlées (CNSB) fait partie du système FireMARS (Fire Monitoring, Accounting and Reporting System) mis au point par le Centre canadien de cartographie et d’observation de la Terre (anciennement le Centre canadien de télédétection)et le Service canadien des forêts. Le système FireMARS a d'abord été rendu possible grâce à un soutien financier du Programme d'initiatives gouvernementales en observation de la Terre (IGOT) de l'Agence spatiale canadienne (http://www4.asc-csa.gc.ca/auot-eoau/fra/igot//About%20Grip.aspx) en collaboration avec les initiatives de recherche sur les feux (http://www.rncan.gc.ca/forets/feux/13144), de comptabilisation du carbone forestier (http://www.rncan.gc.ca/forets/changements-climatiques/13088) et de télédétection.&lt;/SPAN&gt;&lt;/SPAN&gt;&lt;/P&gt;&lt;P&gt;&lt;SPAN&gt;&lt;SPAN&gt;CNSB est un produit national compilé annuellement depuis 1972par le système FireMARS (Fire Monitoring, Accounting and Reporting System), qui fait le suivi des incendies de forêt afin d'estimer les émissions annuelles de carbone et de déterminer les parcelles de l'Inventaire forestier national (IFN) qui peuvent avoir été perturbées par les incendies.Pour obtenir plus de renseignements, consulter la page Web sur le système FireMARS (http://www.rncan.gc.ca/forets/feux/13160) et la comptabilisation du carbone forestier - surveillance des perturbations (http://www.rncan.gc.ca/forets/changements-climatiques/13110).&lt;/SPAN&gt;&lt;/SPAN&gt;&lt;/P&gt;&lt;P&gt;&lt;SPAN&gt;&lt;SPAN&gt;Pour générer la CNSB, on utilise des données provenant de deux types de sources :&lt;/SPAN&gt;&lt;/SPAN&gt;&lt;/P&gt;&lt;P&gt;&lt;SPAN&gt;&lt;SPAN&gt;1) Ressources naturelles Canada; &lt;/SPAN&gt;&lt;/SPAN&gt;&lt;/P&gt;&lt;P&gt;&lt;SPAN&gt;&lt;SPAN&gt;2) les organismes provinciaux et territoriaux et Parcs Canada.&lt;/SPAN&gt;&lt;/SPAN&gt;&lt;/P&gt;&lt;P&gt;&lt;SPAN&gt;&lt;SPAN&gt;Un processus de décision basé sur des règles est utilisé dans la sélection desmeilleures sources de données pour chaque incendie, en fonction de divers facteurs : dans quelle mesure le polygone des surfaces brûlées correspond-elle à la forme de l'incendie observée sur l'imagerie satellitaire post-incendie, la source de données elle-même, ainsi que les méthodes qui ont été utilisées pour la délimitation de l'aire brûlée. &lt;/SPAN&gt;&lt;/SPAN&gt;&lt;/P&gt;&lt;P&gt;&lt;SPAN /&gt;&lt;/P&gt;&lt;/DIV&gt;&lt;/DIV&gt;&lt;/DIV&gt;</idAbs><dataChar><CharSetCd value="004"/></dataChar><idPoC xmlns=""><rpIndName>Rob Skakun</rpIndName><rpOrgName>Government of Canada; Natural Resources Canada; Canadian Forest Service; Northern Forestry Centre; Canadian Wildland Fire Information System (CWFIS) Group</rpOrgName><role><RoleCd value="007"/></role><rpCntInfo xmlns=""><cntAddress addressType=""><delPoint>5320 122 Street</delPoint><city>Edmonton</city><adminArea>Alberta</adminArea><postCode>T6H 3S5</postCode><eMailAdd>Rob.Skakun@canada.ca</eMailAdd><country>CA</country></cntAddress></rpCntInfo><displayName>Rob Skakun</displayName></idPoC><resMaint><maintFreq><MaintFreqCd value="009"/></maintFreq></resMaint><dataLang><languageCode value="eng"/></dataLang><dataExt xmlns=""><exDesc>Canada</exDesc><geoEle xmlns=""><GeoDesc><exTypeCode>0</exTypeCode></GeoDesc></geoEle></dataExt><tpCat><TopicCatCd value="002"/></tpCat><tpCat><TopicCatCd value="007"/></tpCat></dataIdInfo><mdMaint><maintFreq><MaintFreqCd value="009"/></maintFreq></mdMaint><dqInfo><dqScope><scpLvl><ScopeCd value="005"/></scpLvl></dqScope><dataLineage><statement>NBAC v20250506
- includes new burn polygons for years 1972 to 1985
- improvements to existing burn polygons for other years 
- additional fires identified as prescribed
- removal of duplicate burn polygons from consecutive years

For NBAC v20240530:
- Includes changes from v20240228 and new fire perimeters from Parks Canada 

For NBAC v20240228:
- extended the NBAC time series back to 1972 
- added new fire perimeters mapped in northern Canada (see https://doi.org/10.3390/rs16020230)
- remapped perimeters derived by the HANDS data source with MAFiMS.
- integrated updated fire perimeters from Parks Canada (for years 1972 to 2021)
- significant changes to the attribute table:
 - replaced numeric codes with descriptive text for BASRC, FIREMAPS, FIREMAPM, FIRECAUS
 - reclassified FIRECAUS into 3 categories (Undetermined, Natural, Human)
 - renamed date fields to easily distinguish hotspot and agency dates 
 - added a field for prescribed fires 
 - added a separate field for national parks (NATPARKS) to query by park


August 10, 2021
version 20210810
- updated Parks Canada data for years 1986 to 2017 using CNFDB v20201005
- applied an adjusted area burned to Agency conventional perimeters for all years in ADH_HA (where ADJ_FLAG = 2)

September 21 2020
- updated MAFiMS fire polygons for nfireid's 1448, 1115, 1136 for year 1989 (version 20200921)
- corrected YT fire cause for years 1986 to 2003 (version 20200921)

July 03, 2020
2018 - AB agency updates ingested (version 20200703)
2015 - Replaced MAFiMS with updated PC agency data in WBNP (nfireid404,337,262,344,328,322,327,287,302,265,286,240,249,256,250,245,271,273), (version 20200703)
2004 - Corrected SDATE and EDATE hotspot dates (version 20200703) 

November 29, 2019
1990, 1991, 1995, 1996, 1997, 2000, 2006, 2007 (version 20191129)
- C2C fire polygon nfireid 1 in year 1990 replaced with agency polygon
- C2C fire polygon nfireid 14 in year 1991 replaced with agency polygon
- C2C fire polygon nfireid 1108 in year 1995 replaced with agency polygon
- C2C fire polygon nfireid 182 in year 1996 replaced with agency polygon
- C2C fire polygon nfireid 462 in year 1997 replaced with agency polygon
- Agency fire polygon nfireid 1011 in year 2000 added
- C2C fire polygon nfireid 671 in year 2006 replaced with agency polygon
- C2C fire polygon nfireid 386 in year 2007 replaced with agency polygon

September 19, 2019
1986 - 2018 NBAC (version 20190919)
- C2C (BASRC 4) fire polygons added to years 1986 to 2013
- Ruleset 9 (r9) includes best-available polygons from MAFiMS, C2C, Agency, and HANDS
- Attribute modifications include: YEAR (new); BASRC (includes value 4); SDATE EDATE AFSDATE AFEDATE and CAPDATE (change datetime to date); POLY_HA (was TOTAREA); ADJ_HA (was UTOTAREA); ADJ_FLAG (was AREAMODT); AGENCY (new); VERSION (was NBACVERS); COMMENTS (was COMM); SALVAGE (removed); PB_HARV (removed); AREAMODA (removed); AREAMODB (removed); AREAMODV (removed); CDATE (removed, contained in version)
- NBAC burn polygons subdvided by provincial, territorial, and national parks boundaries
- New MAFiMS polygons for years 1986 to 2018

June 26, 2019
2018 NBAC (version 20190626_1020)

August 29, 2018
2003 NBAC (version 20180829_1112)
- Agency fire polygon nfireid 5 in year 2003 (location NWT) removed. Mapped with MAFiMS nfireid 3
1993 NBAC (version 20180829_1113)
- Agency fire polygon nfireid 255 in year 1993 (location Onatrio) changed to nfireid 248
1992 NBAC (version 20180829_1113)
- Agency fire polygon nfireid 204 in year 1992 (location Ontario) changed to nfireid 215
1991 NBAC (version 20180829_1113)
- Agency fire polygon nfireid 373 in year 1991 (location Ontario) changed to nfireid 383
- MAFiMS fire polygon nfireid 382 in year 1991 removed. Fire burned in 1990.
1990 NBAC (version 20180829_1114)
- Agency fire polygon nfireid 321 in year 1990 (location Ontario) changed to nfireid 342
1989 NBAC (version 20180829_1114)
- Agency fire polygon nfireid 1058 in year 1989 (location Sask) removed. Mapped with MAFiMS nfireid 917
1987 NBAC (version 20180829_1115)
- Agency fire polygon nfireid 378 in year 1987 (location Ontario) changed to nfireid 397

July 24, 2018
2017 NBAC (version 20180725_1603)
2016 NBAC (version 20180725_1602)
- Repair Geometry tool applied (reduced burned area by 33 ha from version 20180420_1321)
2015 NBAC (version 20180724_0843)
- Removed HANDS fire polygon nfireid 75 (No fire occured at this location)
2012 NBAC (version 20180724_0849) 
- Added Parks Canada fire polygon nfireid 106 
- Replaced HANDS fire polygon nfireid 95 and 100 with Parks Canada fire polygons
2009 NBAC (version 20180724_0854)
- Added Parks Canada fire polygon nfireid 36 and 2365
- Replaced HANDS fire polygon nfireid 45 and 46 with Parks Canada fire polygons
2006 NBAC (version 20180724_0857)
- Added NWT fire polygon nfireid 64
2005 NBAC (version 20180724_0858)
- Added NWT fire polygon nfireid 1094
2004 NBAC (version 20180724_0859)
- Added NWT fire polygon nfireid 190 
- Replaced HANDS fire polygon nfireid 150, 191, 194, and 171 with NWT fire polygons
1986-2003 NBAC (preliminary version 20180724)
- NFDB Provincial and Territorial Government and Parks Canada agency data
- HANDS source for 1995-2003 only
- MAFiMS source for NWT only, all years

April 24, 2018
2016 NBAC (version 20180420_1321)
- NFIREID 255 Agency aerial photography delineation replaces MAFiMS

January 8, 2018
2012 NBAC updates (new version is 20180103_0935)
- Updates to MAFiMS polygon NFIRED's 252, 1067, 256, 260, 253, 258, 304, 317, 332, 345, 340, 367

September 18, 2017
2015 NBAC (version 20170707_1448):
- 1 new fire event from HANDS mapped in Newfoundland and Labrador 
- 16 fire events from MAFiMS remapped in Saskatchewan

July 12, 2017
2016 NBAC (version 20170707_1144):
- NFIREID 255 was created by integrating aerial photo delineated and MAFiMS polygons over the burned area. This fire event will be updated in NBAC upon receiving a revised burned area polygon from the Gov't of Alberta.

December 22, 2016
2004 to 2015 NBAC updates (version 10161128):
- Replaced Northwest Territories agency fires with Landsat data sources and the MAFiMS mapping method for years 2004 to 2013.
- Ingested all agency fire polygons less than 10 ha for years 2004 to current (see September 9, 2016 below).
- Replaced Quebec and Parks Canada agency data with updated fire polygons and attribution for years 2004 to 2014.
- Corrections to year of burn in the agency fire attribution where found (4 fire events in 2005 and 2010 from British Columbia, Alberta, Saskatchewan, Quebec).
- Removed duplicate polygons from agency data located over the same fire event where found (6 fire events in 2006, 2010, 2013, 2014 from Northwest Territories, British Columbia, Saskatchewan, Manitoba).
- Clipped agency polygon boundaries to correct year of burn (14 fire events in 2006, 2008, 2010 to 2015 from Yukon, British Columbia, Alberta, Saskatchewan, Manitoba).

September 9, 2016
2015 NBAC (version 20160914_1144):
- removed the 10 ha minimum size filter for agency burns

December 30, 2015
2014 NBAC updated (version 20151230_1002):
- 6 HANDS polygons &lt; 250 ha were added that previously had been missed

December 1, 2015
2004 to 2014 NBAC updated (version 20151126):
- New Quebec data is added. Upon request, Quebec provided updated shapefiles with more accurate mapping method and data source. Polygons did not change.
- Changes to NWT crosswalk to NBAC attributes. Image delineation method was changed from 4 (other) to 2 (sketchmap).
- NFIREID 731 for 2013 was replaced with MAFIMS. This fire was previously mapped by Agency (Quebec) in NBAC.
</statement></dataLineage></dqInfo><refSysInfo><RefSystem dimension="horizontal"><refSysID><identCode code="EPSG::3978" Sync="FALSE"/><idCodeSpace>http://www.epsg-registry.org</idCodeSpace><idVersion>8.4</idVersion></refSysID></RefSystem></refSysInfo><eainfo><detailed Name="NBAC_1972_20250506" xmlns=""><attr xmlns=""><attrdef>YEAR is the fire year</attrdef><attrdefs>None</attrdefs></attr><attr xmlns=""><attrdef>NFIREID is a uniquely assigned ID to each fire event over a spatial region and for a specific year. It is the common ID used to link a fire event crossing a provincial, territorial, or national park boundary for a specific year.</attrdef><attrdefs>None</attrdefs></attr><attr xmlns=""><attrdef>BASRC identifies the burned area product from a data provider. </attrdef><attrdefs>None</attrdefs><attrdomv><edom><edomv>MAFiMS</edomv><edomvd>MAFiMS (Multi-Acquisition Fire Mapping System) is a burned area product created by the Canadian Forest Service of Natural Resources Canada. https://doi.org/10.1071/WF19201</edomvd><edomvds>None</edomvds></edom><edom><edomv>C2C</edomv><edomvd>C2C (Composite to Change) is a burned area product created by the Canadian Forest Service of Natural Resources Canada. https://doi.org/10.1016/j.rse.2017.03.035</edomvd><edomvds>None</edomvds></edom><edom><edomv>TFMS</edomv><edomvd>TFMS (Tundra Fire Mapping System) is a burned area product created by the Canadian Forest Service of Natural Resources Canada. https://doi.org/10.3390/rs16020230</edomvd><edomvds>None </edomvds></edom><edom><edomv>Agency</edomv><edomvd>Agency are burned area products created by the Provincial, Territorial, and Parks Canada fire management agencies.   </edomvd><edomvds>None</edomvds></edom></attrdomv></attr><attr xmlns=""><attrdef>FIREMAPS describes the data source or platform used to identify the burn.</attrdef><attrdefs>None</attrdefs><attrdomv><edom xmlns=""><edomv>Undefined</edomv><edomvd>Source of detection not defined</edomvd><edomvds>None</edomvds></edom><edom xmlns=""><edomv>Ground survey</edomv><edomvd>Ground or field survey</edomvd><edomvds>None</edomvds></edom><edom xmlns=""><edomv>Aerial survey</edomv><edomvd>Helicopter or fixed-wing aircraft</edomvd><edomvds>None</edomvds></edom><edom xmlns=""><edomv>Aerial photography</edomv><edomvd>Digital or analogue aerial photographs</edomvd><edomvds>None</edomvds></edom><edom xmlns=""><edomv>Satellite hotspots</edomv><edomvd>Point hotspot derived from satellite (MODIS, AVHRR, VIIRS-AF, VIIRS-I)</edomvd><edomvds>None</edomvds></edom><edom xmlns=""><edomv>Satellite undefined</edomv><edomvd>Source of satellite undefined</edomvd><edomvds>None</edomvds></edom><edom xmlns=""><edomv>MODIS</edomv><edomvd>Moderate Resolution Imaging Spectroradiometer (MODIS) satellite imagery</edomvd><edomvds>None</edomvds></edom><edom xmlns=""><edomv>Landsat</edomv><edomvd>Landsat 5, 7, 8, or 9 satellite imagery (30m resolution)</edomvd><edomvds>None</edomvds></edom><edom xmlns=""><edomv>Landsat MSS</edomv><edomvd>Landsat Multi-Spectral Scanner (60m resolution)</edomvd><edomvds>None</edomvds></edom><edom xmlns=""><edomv>Sentinel-2</edomv><edomvd>Sentinel-2 satellite imagery</edomvd><edomvds>None</edomvds></edom><edom xmlns=""><edomv>Other source</edomv><edomvd>Other type of data source not listed </edomvd><edomvds>None</edomvds></edom></attrdomv></attr><attr xmlns=""><attrdef>FIREMAPM describes the method used to delineate the burn polygon. </attrdef><attrdefs>None</attrdefs><attrdomv><edom xmlns=""><edomv>Undefined</edomv><edomvd>Method of burned area mapping not defined</edomvd><edomvds>None</edomvds></edom><edom xmlns=""><edomv>Manually delineated</edomv><edomvd>Sketch mapping or manual (human) interpretation. May be manually delineated onto a map and subsequently digitized or digitized directly using a digital tablet or computer monitor</edomvd><edomvds>None</edomvds></edom><edom xmlns=""><edomv>Direct from GPS</edomv><edomvd>Digitized from a Global Positioning System (GPS) unit</edomvd><edomvds>None</edomvds></edom><edom xmlns=""><edomv>Processed imagery</edomv><edomvd>Digitized using automated remote sensing methods </edomvd><edomvds>None</edomvds></edom><edom xmlns=""><edomv>Buffered points</edomv><edomvd>Digitized by buffering a fire location</edomvd><edomvds>None</edomvds></edom></attrdomv></attr><attr xmlns=""><attrdef>FIRECAUS describes the ignition source of the fire recorded by the agency.</attrdef><attrdefs>None</attrdefs><attrdomv><edom><edomv>Undetermined</edomv><edomvd>Ignition source undetermined.</edomvd><edomvds>None</edomvds></edom><edom><edomv>Natural</edomv><edomvd>Ignition source by natural cause. Most often lightning.</edomvd><edomvds>None</edomvds></edom><edom><edomv>Human</edomv><edomvd>Ignition source by human cause. Examples include non-industrial activity, industrial activity, prescribed burn, arson, and miscellaneous activity.  </edomvd><edomvds>None</edomvds></edom></attrdomv></attr><attr xmlns=""><attrdef>HS_SDATE is the date of the first detected hotspot within the spatial extent of the fire event. Null if no hotspots were detected. AVHRR hotspots are used from 1989 to 2000. MODIS hotspots are from 2001 to current.</attrdef><attrdefs>None</attrdefs></attr><attr xmlns=""><attrdef>HS_EDATE is the date of the last detected hotspot within the spatial extent of the fire event. Null if no hotspots were detected. AVHRR hotspots are used from 1989 to 2000. MODIS hotspots are from 2001 to current.</attrdef><attrdefs>None</attrdefs></attr><attr xmlns=""><attrdef>AG_SDATE is the fire start date reported by the agency. The date could also represent the recorded date or detection date of the fire by the agency. Where different dates are recorded by agencies for cross-border fires, NBAC uses the earliest date. Null if agency date was not provided.</attrdef></attr><attr xmlns=""><attrdef>AG_EDATE is the fire end date reported by the agency. Where different dates are recorded by agencies for cross-border fires, NBAC uses the last date. Null if agency date was not provided.</attrdef><attrdefs>None</attrdefs></attr><attr xmlns=""><attrdef>CAPDATE is the acquisition date of the source data. Examples include date of GPS acquisition, air photo acquisition, and satellite image. Null if not provided.</attrdef><attrdefs>None</attrdefs></attr><attr xmlns=""><attrdef>POLY_HA is the total area calculated in hectares using the Canada Albers Equal Area Conic projection. </attrdef><attrdefs>None</attrdefs></attr><attr xmlns=""><attrdef>ADJ_HA is an adjusted area burn calculated in hectares. Area burned adjustment models are described in https://doi.org/10.1088/1748-9326/abfb2c. </attrdef><attrdefs>None</attrdefs></attr><attr xmlns=""><attrdef>ADMIN_AREA is the location (Province, Territory, or Parks Canada) where the fire perimeter is mapped.</attrdef><attrdefs>None</attrdefs><attrdomv><edom><edomv>AB</edomv><edomvd>Alberta</edomvd><edomvds>None</edomvds></edom><edom><edomv>BC</edomv><edomvd>British Columbia</edomvd><edomvds>None</edomvds></edom><edom><edomv>MB</edomv><edomvd>Manitoba</edomvd><edomvds>None</edomvds></edom><edom><edomv>NB</edomv><edomvd>New Brunswick</edomvd><edomvds>None</edomvds></edom><edom><edomv>NL</edomv><edomvd>Newfoundland and Labrador</edomvd><edomvds>None</edomvds></edom><edom><edomv>NS</edomv><edomvd>Nova Scotia</edomvd><edomvds>None</edomvds></edom><edom><edomv>NT</edomv><edomvd>Northwest Territories</edomvd><edomvds>None</edomvds></edom><edom><edomv>NU</edomv><edomvd>Nunavut</edomvd><edomvds>None</edomvds></edom><edom><edomv>ON</edomv><edomvd>Ontario</edomvd><edomvds>None</edomvds></edom><edom><edomv>PC</edomv><edomvd>Parks Canada</edomvd><edomvds>None</edomvds></edom><edom><edomv>PE</edomv><edomvd>Prince Edward Island</edomvd><edomvds>None</edomvds></edom><edom><edomv>QC</edomv><edomvd>Quebec</edomvd><edomvds>None</edomvds></edom><edom><edomv>SK</edomv><edomvd>Saskatchewan</edomvd><edomvds>None</edomvds></edom><edom><edomv>YT</edomv><edomvd>Yukon Territory</edomvd><edomvds>None</edomvds></edom></attrdomv></attr><attr xmlns=""><attrdef>ADJ_FLAG identifies adjusted area calculations. </attrdef><attrdefs>None</attrdefs><attrdomv><edom><edomv>true</edomv><edomvd>True is when an adjustment area model is applied.</edomvd><edomvds>None</edomvds></edom></attrdomv></attr><attr xmlns=""><attrdef>NATPARK is the name of the Parks Canada National Park where the fire perimeter is mapped.  </attrdef><attrdefs>None</attrdefs><attrdomv><edom><edomv>MM</edomv><edomvd>Mealy Mountains National Park Reserve of Canada</edomvd><edomvds>None</edomvds></edom><edom><edomv>AL</edomv><edomvd>Aulavik National Park of Canada</edomvd><edomvds>None</edomvds></edom><edom><edomv>AY</edomv><edomvd>Auyuittuq National Park of Canada</edomvd><edomvds>None</edomvds></edom><edom><edomv>BA</edomv><edomvd>Banff National Park of Canada</edomvd><edomvds>None</edomvds></edom><edom><edomv>BP</edomv><edomvd>Bruce Peninsula National Park of Canada</edomvd><edomvds>None</edomvds></edom><edom><edomv>CB</edomv><edomvd>Cape Breton Highlands National Park of Canada</edomvd><edomvds>None</edomvds></edom><edom><edomv>EI</edomv><edomvd>Elk Island National Park of Canada</edomvd><edomvds>None</edomvds></edom><edom><edomv>FO</edomv><edomvd>Forillon National Park of Canada</edomvd><edomvds>None</edomvds></edom><edom><edomv>FU</edomv><edomvd>Fundy National Park of Canada</edomvd><edomvds>None</edomvds></edom><edom><edomv>GB</edomv><edomvd>Georgian Bay Islands National Park of Canada</edomvd><edomvds>None</edomvds></edom><edom><edomv>GL</edomv><edomvd>Glacier National Park of Canada</edomvd><edomvds>None</edomvds></edom><edom><edomv>GR</edomv><edomvd>Grasslands National Park of Canada</edomvd><edomvds>None</edomvds></edom><edom><edomv>GM</edomv><edomvd>Gros Morne National Park of Canada</edomvd><edomvds>None</edomvds></edom><edom><edomv>GF</edomv><edomvd>Gulf Islands National Park Reserve of Canada</edomvd><edomvds>None</edomvds></edom><edom><edomv>IV</edomv><edomvd>Ivvavik National Park of Canada</edomvd><edomvds>None</edomvds></edom><edom><edomv>JA</edomv><edomvd>Jasper National Park of Canada</edomvd><edomvds>None</edomvds></edom><edom><edomv>KE</edomv><edomvd>Kejimkujik National Park and National Historic Site of Canada</edomvd><edomvds>None</edomvds></edom><edom><edomv>KL</edomv><edomvd>Kluane National Park Reserve of Canada</edomvd><edomvds>None</edomvds></edom><edom><edomv>KO</edomv><edomvd>Kootenay National Park of Canada</edomvd><edomvds>None</edomvds></edom><edom><edomv>KG</edomv><edomvd>Kouchibouguac National Park of Canada</edomvd><edomvds>None</edomvds></edom><edom><edomv>LM</edomv><edomvd>La Mauricie National Park of Canada</edomvd><edomvds>None</edomvds></edom><edom><edomv>MI</edomv><edomvd>Mingan Archipelago National Park Reserve of Canada</edomvd><edomvds>None</edomvds></edom><edom><edomv>RE</edomv><edomvd>Mount Revelstoke National Park of Canada</edomvd><edomvds>None</edomvds></edom><edom><edomv>NA</edomv><edomvd>Nahanni National Park Reserve of Canada</edomvd><edomvds>None</edomvds></edom><edom><edomv>PR</edomv><edomvd>Pacific Rim National Park Reserve of Canada</edomvd><edomvds>None</edomvds></edom><edom><edomv>PP</edomv><edomvd>Point Pelee National Park of Canada</edomvd><edomvds>None</edomvds></edom><edom><edomv>PA</edomv><edomvd>Prince Albert National Park of Canada</edomvd><edomvds>None</edomvds></edom><edom><edomv>PE</edomv><edomvd>Prince Edward Island National Park of Canada</edomvd><edomvds>None</edomvds></edom><edom><edomv>PU</edomv><edomvd>Pukaskwa National Park of Canada</edomvd><edomvds>None</edomvds></edom><edom><edomv>QU</edomv><edomvd>Quttinirpaaq National Park of Canada</edomvd><edomvds>None</edomvds></edom><edom><edomv>RM</edomv><edomvd>Riding Mountain National Park of Canada</edomvd><edomvds>None</edomvds></edom><edom><edomv>SI</edomv><edomvd>Sirmilik National Park of Canada</edomvd><edomvds>None</edomvds></edom><edom><edomv>TN</edomv><edomvd>Terra Nova National Park of Canada</edomvd><edomvds>None</edomvds></edom><edom><edomv>TI</edomv><edomvd>Thousand Islands National Park of Canada</edomvd><edomvds>None</edomvds></edom><edom><edomv>TM</edomv><edomvd>Torngat Mountains National Park Reserve of Canada</edomvd><edomvds>None</edomvds></edom><edom><edomv>TU</edomv><edomvd>Tuktut Nogait National Park of Canada</edomvd><edomvds>None</edomvds></edom><edom><edomv>UK</edomv><edomvd>Ukkusiksalik National Park of Canada</edomvd><edomvds>None</edomvds></edom><edom><edomv>VU</edomv><edomvd>Vuntut National Park of Canada</edomvd><edomvds>None</edomvds></edom><edom><edomv>WP</edomv><edomvd>Wapusk National Park of Canada</edomvd><edomvds>None</edomvds></edom><edom><edomv>WL</edomv><edomvd>Waterton Lakes National Park of Canada</edomvd><edomvds>None</edomvds></edom><edom><edomv>WB</edomv><edomvd>Wood Buffalo National Park of Canada</edomvd><edomvds>None</edomvds></edom><edom><edomv>YO</edomv><edomvd>Yoho National Park of Canada</edomvd><edomvds>None</edomvds></edom><edom><edomv>TH</edomv><edomvd>Thaidene Nene National Park Reserve of Canada</edomvd><edomvds>None</edomvds></edom><edom><edomv>GH</edomv><edomvd>Gwaii Haanas National Park Reserve and Haida Heritage Site</edomvd><edomvds>None</edomvds></edom></attrdomv></attr><attr xmlns=""><attrdef>PRESCRIBED identifies a prescribed fire as reported by the agency.</attrdef><attrdefs>None</attrdefs><attrdomv><edom><edomv>true</edomv><edomvd>True is when a prescribed fire is reported by the agency</edomvd><edomvds>None</edomvds></edom></attrdomv></attr><attr xmlns=""><attrdef>VERSION identifies the annual dataset version.</attrdef><attrdefs>None</attrdefs></attr><attr xmlns=""><attrdef>GID is a Global Identifier that concatenates the fire year and NFIREID. This identifier is useful for selecting unique fire records merged by year.</attrdef><attrdefs>None</attrdefs></attr></detailed></eainfo><mdChar><CharSetCd value="004"/></mdChar><Esri><scaleRange><minScale>150000000</minScale><maxScale>5000</maxScale></scaleRange><ArcGISFormat>1.0</ArcGISFormat><ArcGISProfile>NAP</ArcGISProfile></Esri><mdHrLv><ScopeCd value="005"/></mdHrLv><mdFileID>C5849C7A-0F44-4676-BE8C-AB2CF267572F</mdFileID><mdLang><languageCode value="eng"/><countryCode value="CA"/></mdLang><mdDateSt Sync="TRUE">20250509</mdDateSt></metadata>
